Glass,rho,Cp,lmbd,gamma,AVFT,BVFT,TVFT
SiO2,2200.,1354.321,1.33,0.28,3.235936569296281e-4,34547.98673528266,526.15
